SMILES0,SMILES1,seg0_feat0,seg1_feat0,SMILES2,glob_feat0,glob_feat1,glob_feat2,glob_feat3,glob_feat4,value
*COC(=O)OC*,*CCO*,0.9483870967741935,0.05161290322580645,O=S(=O)([N-]S(=O)(=O)C(F)(F)F)C(F)(F)F,0.0175,0.00021449876432731897,0.26804123711340205,0.0,1.0,-5.72
*COC(=O)OC*,*CCO*,0.9483870967741935,0.05161290322580645,O=S(=O)([N-]S(=O)(=O)C(F)(F)F)C(F)(F)F,0.05,0.00021449876432731897,0.20962199312714777,0.0,1.0,-5.19
*COC(=O)OC*,*CCO*,0.9483870967741935,0.05161290322580645,O=S(=O)([N-]S(=O)(=O)C(F)(F)F)C(F)(F)F,0.1125,0.00021449876432731897,0.16494845360824742,0.0,1.0,-4.81
*COC(=O)OC*,*CCO*,0.9483870967741935,0.05161290322580645,O=S(=O)([N-]S(=O)(=O)C(F)(F)F)C(F)(F)F,0.3,0.00021449876432731897,0.06529209621993128,0.0,1.0,-4.25
*COC(=O)OC*,*CCO*,0.9483870967741935,0.05161290322580645,O=S(=O)([N-]S(=O)(=O)C(F)(F)C(F)(F)F)C(F)(F)C(F)(F)F,0.015,0.00021449876432731897,0.23024054982817868,0.0,1.0,-5.56
*COC(=O)OC*,*CCO*,0.9483870967741935,0.05161290322580645,O=S(=O)([N-]S(=O)(=O)C(F)(F)C(F)(F)F)C(F)(F)C(F)(F)F,0.0375,0.00021449876432731897,0.20962199312714777,0.0,1.0,-5.33
*COC(=O)OC*,*CCO*,0.9483870967741935,0.05161290322580645,O=S(=O)([N-]S(=O)(=O)C(F)(F)C(F)(F)F)C(F)(F)C(F)(F)F,0.0825,0.00021449876432731897,0.16494845360824742,0.0,1.0,-5.23
*COC(=O)OC*,*CCO*,0.9483870967741935,0.05161290322580645,O=S(=O)([N-]S(=O)(=O)C(F)(F)C(F)(F)F)C(F)(F)C(F)(F)F,0.2225,0.00021449876432731897,0.14432989690721648,0.0,1.0,-4.88
*COC(=O)OC*,*CCO*,0.9483870967741935,0.05161290322580645,F[B-](F)(F)F,0.0425,0.00021449876432731897,0.19931271477663232,0.0,1.0,-6.51
*COC(=O)OC*,*CCO*,0.9483870967741935,0.05161290322580645,F[B-](F)(F)F,0.09,0.00021449876432731897,0.17869415807560138,0.0,1.0,-5.24
*COC(=O)OC*,*CCO*,0.9483870967741935,0.05161290322580645,F[B-](F)(F)F,0.135,0.00021449876432731897,0.11683848797250859,0.0,1.0,-5.08
*COC(=O)OC*,*CCO*,0.9483870967741935,0.05161290322580645,F[B-](F)(F)F,0.1825,0.00021449876432731897,0.041237113402061855,0.0,1.0,-4.34
*COC(=O)OC*,*CCO*,0.9483870967741935,0.05161290322580645,[O-][Cl+3]([O-])([O-])[O-],0.05,0.00021449876432731897,0.2508591065292096,0.0,1.0,-5.3
*COC(=O)OC*,*CCO*,0.9483870967741935,0.05161290322580645,[O-][Cl+3]([O-])([O-])[O-],0.135,0.00021449876432731897,0.18213058419243985,0.0,1.0,-5.1
*COC(=O)OC*,*CCO*,0.9483870967741935,0.05161290322580645,[O-][Cl+3]([O-])([O-])[O-],0.3025,0.00021449876432731897,0.27491408934707906,0.0,1.0,-5.64
*COC(=O)OC*,*CCO*,0.9483870967741935,0.05161290322580645,[O-][Cl+3]([O-])([O-])[O-],0.8075,0.00021449876432731897,0.2852233676975945,0.0,1.0,-6.57
*COC(=O)OC*,*CCO*,0.9483870967741935,0.05161290322580645,O=S(=O)([O-])C(F)(F)F,0.035,0.00021449876432731897,0.2542955326460481,0.0,1.0,-5.8
*COC(=O)OC*,*CCO*,0.9483870967741935,0.05161290322580645,O=S(=O)([O-])C(F)(F)F,0.0925,0.00021449876432731897,0.22336769759450173,0.0,1.0,-5.2
*COC(=O)OC*,*CCO*,0.9483870967741935,0.05161290322580645,O=S(=O)([O-])C(F)(F)F,0.2075,0.00021449876432731897,0.2542955326460481,0.0,1.0,-6.7
*COC(=O)OC(*)COCCCC,*COC(=O)OC(*)COCCCC,1.0,0.0,O=S(=O)([N-]S(=O)(=O)C(F)(F)F)C(F)(F)F,0.025,0.0001155466123023953,0.1958762886597938,0.0,1.0,-4.038483989
*COC(=O)OC*,*COC(=O)OC*,1.0,0.0,O=S(=O)([N-]S(=O)(=O)C(F)(F)F)C(F)(F)F,0.05,0.0002943980175151455,0.3951890034364261,0.0,1.0,-3.73196055
*COC(=O)OC*,*COC(=O)OC*,1.0,0.0,O=S(=O)([N-]S(=O)(=O)C(F)(F)F)C(F)(F)F,0.1,0.0002943980175151455,0.3848797250859107,0.0,1.0,-3.73196055
*COC(=O)OC*,*COC(=O)OC*,1.0,0.0,O=S(=O)([N-]S(=O)(=O)C(F)(F)F)C(F)(F)F,0.15,0.0002943980175151455,0.37800687285223367,0.0,1.0,-3.115244274
*COC(=O)OC*,*COC(=O)OC*,1.0,0.0,O=S(=O)([N-]S(=O)(=O)C(F)(F)F)C(F)(F)F,0.2,0.0002943980175151455,0.3642611683848797,0.0,1.0,-2.757906016
*CC(*)C#N,*CC(*)C(=O)OCCCC,0.6451612903225806,0.3548387096774194,O=S(=O)([N-]S(=O)(=O)C(F)(F)F)C(F)(F)F,0.3,0.0003865894635010992,0.2027491408934708,0.0,1.0,-4.6409
*CC[Si](C)(C*)CCC1COC(=O)O1,*CC[Si](C)(C*)CCC1COC(=O)O1,1.0,0.0,O=S(=O)([N-]S(=O)(=O)C(F)(F)F)C(F)(F)F,0.025,9.342066526576644e-05,0.20962199312714777,0.0,1.0,-5.946921557
*CC[Si](C)(C*)CCC1COC(=O)O1,*CC[Si](C)(C*)CCC1COC(=O)O1,1.0,0.0,O=S(=O)([N-]S(=O)(=O)C(F)(F)F)C(F)(F)F,0.0625,9.342066526576644e-05,0.20962199312714777,0.0,1.0,-5.37675071
*CC[Si](C)(C*)CCC1COC(=O)O1,*CC[Si](C)(C*)CCC1COC(=O)O1,1.0,0.0,O=S(=O)([N-]S(=O)(=O)C(F)(F)F)C(F)(F)F,0.125,9.342066526576644e-05,0.20962199312714777,0.0,1.0,-4.246416941
*CC[Si](C)(C*)CCC1COC(=O)O1,*CC[Si](C)(C*)CCC1COC(=O)O1,1.0,0.0,O=S(=O)([N-]S(=O)(=O)C(F)(F)F)C(F)(F)F,0.25,9.342066526576644e-05,0.20962199312714777,0.0,1.0,-4.033389013
*CC[Si](C)(C*)CCC1COC(=O)O1,*CC[Si](C)(C*)CCC1COC(=O)O1,1.0,0.0,O=S(=O)([N-]S(=O)(=O)C(F)(F)F)C(F)(F)F,0.5,9.342066526576644e-05,0.20962199312714777,0.0,1.0,-3.675717545
*CC[Si](C)(C*)CCC1COC(=O)O1,*CC[Si](C)(C*)CCC1COC(=O)O1,1.0,0.0,O=S(=O)([N-]S(=O)(=O)C(F)(F)F)C(F)(F)F,1.0,9.342066526576644e-05,0.2268041237113402,0.0,1.0,-3.68613278
*CC[Si](C)(C*)CCC1COC(=O)O1,*CC[Si](C)(C*)CCC1COC(=O)O1,1.0,0.0,O=S(=O)([O-])C(F)(F)F,0.025,9.342066526576644e-05,0.2268041237113402,0.0,1.0,-6.136082623
*CC[Si](C)(C*)CCC1COC(=O)O1,*CC[Si](C)(C*)CCC1COC(=O)O1,1.0,0.0,O=S(=O)([O-])C(F)(F)F,0.075,9.342066526576644e-05,0.2268041237113402,0.0,1.0,-6.136082623
*CC[Si](C)(C*)CCC1COC(=O)O1,*CC[Si](C)(C*)CCC1COC(=O)O1,1.0,0.0,O=S(=O)([O-])C(F)(F)F,0.125,9.342066526576644e-05,0.20962199312714777,0.0,1.0,-6.449771647
*CC[Si](C)(C*)CCC1COC(=O)O1,*CC[Si](C)(C*)CCC1COC(=O)O1,1.0,0.0,O=S(=O)([O-])C(F)(F)F,0.175,9.342066526576644e-05,0.2268041237113402,0.0,1.0,-6.504455662
*CC[Si](C)(C*)CCC1COC(=O)O1,*CC[Si](C)(C*)CCC1COC(=O)O1,1.0,0.0,O=S(=O)([O-])C(F)(F)F,0.25,9.342066526576644e-05,0.19243986254295534,0.0,1.0,-6.982966661
*CC[Si](C)(C*)CCC1COC(=O)O1,*CC[Si](C)(C*)CCC1COC(=O)O1,1.0,0.0,O=S(=O)([O-])C(F)(F)F,0.5,9.342066526576644e-05,0.2268041237113402,0.0,1.0,-7.159266765
*CC[Si](C*)(CCC1COC(=O)O1)CCC1COC(=O)O1,*CC[Si](C*)(CCC1COC(=O)O1)CCC1COC(=O)O1,1.0,0.0,O=S(=O)([N-]S(=O)(=O)C(F)(F)F)C(F)(F)F,0.0625,0.0005439295313171269,0.24398625429553264,0.0,1.0,-6.54668166
*CC[Si](C*)(CCC1COC(=O)O1)CCC1COC(=O)O1,*CC[Si](C*)(CCC1COC(=O)O1)CCC1COC(=O)O1,1.0,0.0,O=S(=O)([N-]S(=O)(=O)C(F)(F)F)C(F)(F)F,0.125,0.0005439295313171269,0.27835051546391754,0.0,1.0,-5.501689446
*CC[Si](C*)(CCC1COC(=O)O1)CCC1COC(=O)O1,*CC[Si](C*)(CCC1COC(=O)O1)CCC1COC(=O)O1,1.0,0.0,O=S(=O)([N-]S(=O)(=O)C(F)(F)F)C(F)(F)F,0.25,0.0005439295313171269,0.2611683848797251,0.0,1.0,-4.567030709
*CC[Si](C*)(CCC1COC(=O)O1)CCC1COC(=O)O1,*CC[Si](C*)(CCC1COC(=O)O1)CCC1COC(=O)O1,1.0,0.0,O=S(=O)([N-]S(=O)(=O)C(F)(F)F)C(F)(F)F,0.5,0.0005439295313171269,0.20962199312714777,0.0,1.0,-3.617982957
*CC[Si](C*)(CCC1COC(=O)O1)CCC1COC(=O)O1,*CC[Si](C*)(CCC1COC(=O)O1)CCC1COC(=O)O1,1.0,0.0,O=S(=O)([N-]S(=O)(=O)C(F)(F)F)C(F)(F)F,1.0,0.0005439295313171269,0.19243986254295534,0.0,1.0,-3.269217724
*CC[Si](C*)(CCC1COC(=O)O1)CCC1COC(=O)O1,*CC[Si](C*)(CCC1COC(=O)O1)CCC1COC(=O)O1,1.0,0.0,O=S(=O)([O-])C(F)(F)F,0.025,0.0005439295313171269,0.24398625429553264,0.0,1.0,-6.302770657
*CC[Si](C*)(CCC1COC(=O)O1)CCC1COC(=O)O1,*CC[Si](C*)(CCC1COC(=O)O1)CCC1COC(=O)O1,1.0,0.0,O=S(=O)([O-])C(F)(F)F,0.075,0.0005439295313171269,0.27835051546391754,0.0,1.0,-5.100179498
*CC[Si](C*)(CCC1COC(=O)O1)CCC1COC(=O)O1,*CC[Si](C*)(CCC1COC(=O)O1)CCC1COC(=O)O1,1.0,0.0,O=S(=O)([O-])C(F)(F)F,0.1,0.0005439295313171269,0.2611683848797251,0.0,1.0,-4.954677021
*CC[Si](C*)(CCC1COC(=O)O1)CCC1COC(=O)O1,*CC[Si](C*)(CCC1COC(=O)O1)CCC1COC(=O)O1,1.0,0.0,O=S(=O)([O-])C(F)(F)F,0.175,0.0005439295313171269,0.2611683848797251,0.0,1.0,-4.924453039
*CC[Si](C*)(CCC1COC(=O)O1)CCC1COC(=O)O1,*CC[Si](C*)(CCC1COC(=O)O1)CCC1COC(=O)O1,1.0,0.0,O=S(=O)([O-])C(F)(F)F,0.25,0.0005439295313171269,0.2611683848797251,0.0,1.0,-5.804100348
*CC[Si](C*)(CCC1COC(=O)O1)CCC1COC(=O)O1,*CC[Si](C*)(CCC1COC(=O)O1)CCC1COC(=O)O1,1.0,0.0,O=S(=O)([O-])C(F)(F)F,0.5,0.0005439295313171269,0.2611683848797251,0.0,1.0,-6.013676223
*CCCCC(=O)OC*,*CCOC(=O)OC*,0.7849462365591398,0.21505376344086022,O=S(=O)([N-]S(=O)(=O)C(F)(F)F)C(F)(F)F,0.025,0.0015666399721213067,0.10652920962199312,0.0,1.0,-3.982966661
*CCCCC(=O)OC*,*CCOC(=O)OC*,0.7849462365591398,0.21505376344086022,O=S(=O)([N-]S(=O)(=O)C(F)(F)F)C(F)(F)F,0.0375,0.0015666399721213067,0.140893470790378,0.0,1.0,-3.55129368
*CCCCC(=O)OC*,*CCOC(=O)OC*,0.7849462365591398,0.21505376344086022,O=S(=O)([N-]S(=O)(=O)C(F)(F)F)C(F)(F)F,0.055,0.0015666399721213067,0.15463917525773196,0.0,1.0,-3.488116639
*CCCCC(=O)OC*,*CCOC(=O)OC*,0.7849462365591398,0.21505376344086022,O=S(=O)([N-]S(=O)(=O)C(F)(F)F)C(F)(F)F,0.0775,0.0015666399721213067,0.14776632302405499,0.0,1.0,-4.022276395
*COC(=O)CC(=O)OC*,*COC(=O)CC(=O)OC*,1.0,0.0,O=S(=O)([O-])C(F)(F)F,0.0075,1.2292192798127145e-06,0.23367697594501718,0.0,1.0,-4.799718968
*COC(=O)CC(=O)OC*,*COC(=O)CC(=O)OC*,1.0,0.0,O=S(=O)([O-])C(F)(F)F,0.015,1.2292192798127145e-06,0.2508591065292096,0.0,1.0,-4.63172428
*COC(=O)CC(=O)OC*,*COC(=O)CC(=O)OC*,1.0,0.0,O=S(=O)([O-])C(F)(F)F,0.03,1.2292192798127145e-06,0.2611683848797251,0.0,1.0,-4.788887845
*COC(=O)CC(=O)OC*,*COC(=O)CC(=O)OC*,1.0,0.0,O=S(=O)([O-])C(F)(F)F,0.0625,1.2292192798127145e-06,0.26804123711340205,0.0,1.0,-4.976589913
*COC(=O)CC(=O)OC*,*COC(=O)CC(=O)OC*,1.0,0.0,O=S(=O)([O-])C(F)(F)F,0.125,1.2292192798127145e-06,0.3333333333333333,0.0,1.0,-5.572467833
*COC(=O)CCCCC(=O)OC*,*COC(=O)CCCCC(=O)OC*,1.0,0.0,[O-][Cl+3]([O-])([O-])[O-],0.0025,4.855416155260229e-05,0.13745704467353953,0.0,1.0,-5.047609011
*COC(=O)CCCCC(=O)OC*,*COC(=O)CCCCC(=O)OC*,1.0,0.0,[O-][Cl+3]([O-])([O-])[O-],0.0075,4.855416155260229e-05,0.14776632302405499,0.0,1.0,-4.117827621
*COC(=O)CCCCC(=O)OC*,*COC(=O)CCCCC(=O)OC*,1.0,0.0,[O-][Cl+3]([O-])([O-])[O-],0.01,4.855416155260229e-05,0.16494845360824742,0.0,1.0,-3.705147886
*COC(=O)CCCCC(=O)OC*,*COC(=O)CCCCC(=O)OC*,1.0,0.0,[O-][Cl+3]([O-])([O-])[O-],0.0225,4.855416155260229e-05,0.18213058419243985,0.0,1.0,-3.560201203
*COC(=O)CCCCC(=O)OC*,*COC(=O)CCCCC(=O)OC*,1.0,0.0,[O-][Cl+3]([O-])([O-])[O-],0.0375,4.855416155260229e-05,0.21649484536082475,0.0,1.0,-3.599487034
*COC(=O)CCCCC(=O)OC*,*COC(=O)CCCCC(=O)OC*,1.0,0.0,[O-][Cl+3]([O-])([O-])[O-],0.0525,4.855416155260229e-05,0.2542955326460481,0.0,1.0,-3.821328683
*COC(=O)CCCCC(=O)OC*,*COC(=O)CCCCC(=O)OC*,1.0,0.0,[O-][Cl+3]([O-])([O-])[O-],0.0875,4.855416155260229e-05,0.2508591065292096,0.0,1.0,-4.451206782
*CCCOC(=O)CCCCC(=O)OC*,*CCCOC(=O)CCCCC(=O)OC*,1.0,0.0,[O-][Cl+3]([O-])([O-])[O-],0.0075,6.084635435072946e-05,0.10996563573883161,0.0,1.0,-4.0730617
*CCCOC(=O)CCCCC(=O)OC*,*CCCOC(=O)CCCCC(=O)OC*,1.0,0.0,[O-][Cl+3]([O-])([O-])[O-],0.0125,6.084635435072946e-05,0.12027491408934708,0.0,1.0,-3.668629327
*CCCOC(=O)CCCCC(=O)OC*,*CCCOC(=O)CCCCC(=O)OC*,1.0,0.0,[O-][Cl+3]([O-])([O-])[O-],0.0275,6.084635435072946e-05,0.13402061855670103,0.0,1.0,-3.42999049
*CCCOC(=O)CCCCC(=O)OC*,*CCCOC(=O)CCCCC(=O)OC*,1.0,0.0,[O-][Cl+3]([O-])([O-])[O-],0.06,6.084635435072946e-05,0.16838487972508592,0.0,1.0,-3.69654523
*CCCCCOC(=O)CCCCC(=O)OC*,*CCCCCOC(=O)CCCCC(=O)OC*,1.0,0.0,[O-][Cl+3]([O-])([O-])[O-],0.0075,1.0448363878408086e-05,0.09278350515463918,0.0,1.0,-4.193455555
*CCCCCOC(=O)CCCCC(=O)OC*,*CCCCCOC(=O)CCCCC(=O)OC*,1.0,0.0,[O-][Cl+3]([O-])([O-])[O-],0.015,1.0448363878408086e-05,0.10996563573883161,0.0,1.0,-3.762938561
*CCCCCOC(=O)CCCCC(=O)OC*,*CCCCCOC(=O)CCCCC(=O)OC*,1.0,0.0,[O-][Cl+3]([O-])([O-])[O-],0.03,1.0448363878408086e-05,0.13402061855670103,0.0,1.0,-3.462945651
*CCCCCOC(=O)CCCCC(=O)OC*,*CCCCCOC(=O)CCCCC(=O)OC*,1.0,0.0,[O-][Cl+3]([O-])([O-])[O-],0.0675,1.0448363878408086e-05,0.15120274914089346,0.0,1.0,-3.502306134
*CCCCC(=O)OC*,*CCCCC(=O)OC*,1.0,0.0,[O-][Cl+3]([O-])([O-])[O-],0.0075,0.0003865894635010992,0.08934707903780069,0.0,1.0,-4.607458953
*CCCCC(=O)OC*,*CCCCC(=O)OC*,1.0,0.0,[O-][Cl+3]([O-])([O-])[O-],0.015,0.0003865894635010992,0.10652920962199312,0.0,1.0,-3.954548137
*CCCCC(=O)OC*,*CCCCC(=O)OC*,1.0,0.0,[O-][Cl+3]([O-])([O-])[O-],0.03,0.0003865894635010992,0.12027491408934708,0.0,1.0,-3.570107735
*CCCCC(=O)OC*,*CCCCC(=O)OC*,1.0,0.0,[O-][Cl+3]([O-])([O-])[O-],0.0675,0.0003865894635010992,0.18213058419243985,0.0,1.0,-3.926513004
*COC(=O)CCCC(=O)OC(*)C,*COC(=O)CCCC(=O)OC(*)C,1.0,0.0,O=S(=O)([N-]S(=O)(=O)C(F)(F)F)C(F)(F)F,0.0025,4.1178845873726e-05,0.19243986254295534,0.0,1.0,-5.588780008
*COC(=O)CCCC(=O)OC(*)C,*COC(=O)CCCC(=O)OC(*)C,1.0,0.0,O=S(=O)([N-]S(=O)(=O)C(F)(F)F)C(F)(F)F,0.01,4.1178845873726e-05,0.20618556701030927,0.0,1.0,-4.755114516
*COC(=O)CCCC(=O)OC(*)C,*COC(=O)CCCC(=O)OC(*)C,1.0,0.0,O=S(=O)([N-]S(=O)(=O)C(F)(F)F)C(F)(F)F,0.015,4.1178845873726e-05,0.21305841924398625,0.0,1.0,-4.62904256
*COC(=O)CCCC(=O)OC(*)C,*COC(=O)CCCC(=O)OC(*)C,1.0,0.0,O=S(=O)([N-]S(=O)(=O)C(F)(F)F)C(F)(F)F,0.02,4.1178845873726e-05,0.22336769759450173,0.0,1.0,-4.66122281
*COC(=O)CCCC(=O)OC(*)C,*COC(=O)CCCC(=O)OC(*)C,1.0,0.0,O=S(=O)([N-]S(=O)(=O)C(F)(F)F)C(F)(F)F,0.025,4.1178845873726e-05,0.23711340206185566,0.0,1.0,-4.785257582
*COC(=O)CCCC(=O)OC(*)C,*COC(=O)CCCC(=O)OC(*)C,1.0,0.0,O=S(=O)([N-]S(=O)(=O)C(F)(F)F)C(F)(F)F,0.035,4.1178845873726e-05,0.24742268041237114,0.0,1.0,-4.813752317
*COC(=O)COCC(=O)OC(*)C,*COC(=O)COCC(=O)OC(*)C,1.0,0.0,O=S(=O)([N-]S(=O)(=O)C(F)(F)F)C(F)(F)F,0.0025,2.827204343569247e-05,0.32646048109965636,0.0,1.0,-6.539097932
*COC(=O)COCC(=O)OC(*)C,*COC(=O)COCC(=O)OC(*)C,1.0,0.0,O=S(=O)([N-]S(=O)(=O)C(F)(F)F)C(F)(F)F,0.0075,2.827204343569247e-05,0.3402061855670103,0.0,1.0,-6.38075676
*COC(=O)COCC(=O)OC(*)C,*COC(=O)COCC(=O)OC(*)C,1.0,0.0,O=S(=O)([N-]S(=O)(=O)C(F)(F)F)C(F)(F)F,0.01,2.827204343569247e-05,0.3436426116838488,0.0,1.0,-5.951441712
*COC(=O)COCC(=O)OC(*)C,*COC(=O)COCC(=O)OC(*)C,1.0,0.0,O=S(=O)([N-]S(=O)(=O)C(F)(F)F)C(F)(F)F,0.0125,2.827204343569247e-05,0.3539518900343643,0.0,1.0,-5.891551102
*COC(=O)COCC(=O)OC(*)C,*COC(=O)COCC(=O)OC(*)C,1.0,0.0,O=S(=O)([N-]S(=O)(=O)C(F)(F)F)C(F)(F)F,0.0175,2.827204343569247e-05,0.36769759450171824,0.0,1.0,-5.909080719
*COC(=O)COCC(=O)OC(*)C,*COC(=O)COCC(=O)OC(*)C,1.0,0.0,O=S(=O)([N-]S(=O)(=O)C(F)(F)F)C(F)(F)F,0.0225,2.827204343569247e-05,0.3848797250859107,0.0,1.0,-6.534425323
*COC(=O)CCCC(=O)OC(*)COCC=C,*COC(=O)CCCC(=O)OC(*)COCC=C,1.0,0.0,O=S(=O)([N-]S(=O)(=O)C(F)(F)F)C(F)(F)F,0.0025,5.1012600112227725e-05,0.140893470790378,1.0,0.0,-5.151567228
*COC(=O)CCCC(=O)OC(*)COCC=C,*COC(=O)CCCC(=O)OC(*)COCC=C,1.0,0.0,O=S(=O)([N-]S(=O)(=O)C(F)(F)F)C(F)(F)F,0.0075,5.1012600112227725e-05,0.15807560137457044,1.0,0.0,-4.810132698
*COC(=O)CCCC(=O)OC(*)COCC=C,*COC(=O)CCCC(=O)OC(*)COCC=C,1.0,0.0,O=S(=O)([N-]S(=O)(=O)C(F)(F)F)C(F)(F)F,0.01,5.1012600112227725e-05,0.16151202749140894,1.0,0.0,-4.67520887
*COC(=O)CCCC(=O)OC(*)COCC=C,*COC(=O)CCCC(=O)OC(*)COCC=C,1.0,0.0,O=S(=O)([N-]S(=O)(=O)C(F)(F)F)C(F)(F)F,0.0125,5.1012600112227725e-05,0.17525773195876287,1.0,0.0,-4.507251708
*COC(=O)CCCC(=O)OC(*)COCC=C,*COC(=O)CCCC(=O)OC(*)COCC=C,1.0,0.0,O=S(=O)([N-]S(=O)(=O)C(F)(F)F)C(F)(F)F,0.0175,5.1012600112227725e-05,0.18900343642611683,1.0,0.0,-4.484513804
*COC(=O)CCCC(=O)OC(*)COCC=C,*COC(=O)CCCC(=O)OC(*)COCC=C,1.0,0.0,O=S(=O)([N-]S(=O)(=O)C(F)(F)F)C(F)(F)F,0.0225,5.1012600112227725e-05,0.19931271477663232,1.0,0.0,-4.610508632
*COC(=O)COCC(=O)OC(*)COCC=C,*COC(=O)COCC(=O)OC(*)COCC=C,1.0,0.0,O=S(=O)([N-]S(=O)(=O)C(F)(F)F)C(F)(F)F,0.0,4.179345551363235e-05,0.23367697594501718,1.0,0.0,-5.256906424
*COC(=O)COCC(=O)OC(*)COCC=C,*COC(=O)COCC(=O)OC(*)COCC=C,1.0,0.0,O=S(=O)([N-]S(=O)(=O)C(F)(F)F)C(F)(F)F,0.005,4.179345551363235e-05,0.24742268041237114,1.0,0.0,-4.895870094
*COC(=O)COCC(=O)OC(*)COCC=C,*COC(=O)COCC(=O)OC(*)COCC=C,1.0,0.0,O=S(=O)([N-]S(=O)(=O)C(F)(F)F)C(F)(F)F,0.0075,4.179345551363235e-05,0.25773195876288657,1.0,0.0,-4.821788801
*COC(=O)COCC(=O)OC(*)COCC=C,*COC(=O)COCC(=O)OC(*)COCC=C,1.0,0.0,O=S(=O)([N-]S(=O)(=O)C(F)(F)F)C(F)(F)F,0.01,4.179345551363235e-05,0.26804123711340205,1.0,0.0,-4.688594864
*COC(=O)COCC(=O)OC(*)COCC=C,*COC(=O)COCC(=O)OC(*)COCC=C,1.0,0.0,O=S(=O)([N-]S(=O)(=O)C(F)(F)F)C(F)(F)F,0.0125,4.179345551363235e-05,0.27835051546391754,1.0,0.0,-4.599761809
*COC(=O)COCC(=O)OC(*)COCC=C,*COC(=O)COCC(=O)OC(*)COCC=C,1.0,0.0,O=S(=O)([N-]S(=O)(=O)C(F)(F)F)C(F)(F)F,0.0175,4.179345551363235e-05,0.2920962199312715,1.0,0.0,-4.948854422
*COC(=O)CCC(=O)OC*,*COC(=O)CCC(=O)OC*,1.0,0.0,N#C[S-],0.01,0.00013091185330005425,0.26804123711340205,0.0,1.0,-7.693177742
*COC(=O)CCCCCCCCC(=O)OC*,*COC(=O)CCCCCCCCC(=O)OC*,1.0,0.0,N#C[S-],0.01,0.00018991437873106464,0.15120274914089346,0.0,1.0,-7.384470596
*C1C(*)N(C(C)=O)C(=O)N1C(C)=O,*C1C(*)N(C(C)=O)C(=O)N1C(C)=O,1.0,0.0,O=S(=O)([N-]S(=O)(=O)C(F)(F)F)C(F)(F)F,0.25,0.00027595972831795477,0.36082474226804123,0.0,1.0,-5.658
*C1C(*)N(C(C)=O)C(=O)N1C(C)=O,*C1C(*)N(C(C)=O)C(=O)N1C(C)=O,1.0,0.0,O=S(=O)([N-]S(=O)(=O)C(F)(F)F)C(F)(F)F,0.1675,0.00027595972831795477,0.39862542955326463,0.0,1.0,-5.683
*C1C(*)N(C(C)=O)C(=O)N1C(C)=O,*C1C(*)N(C(C)=O)C(=O)N1C(C)=O,1.0,0.0,O=S(=O)([N-]S(=O)(=O)C(F)(F)F)C(F)(F)F,0.0825,0.00027595972831795477,0.38831615120274915,0.0,1.0,-4.59
*C1C(*)N(C(C)=O)C(=O)N1C(C)=O,*C1C(*)N(C(C)=O)C(=O)N1C(C)=O,1.0,0.0,O=S(=O)([N-]S(=O)(=O)C(F)(F)F)C(F)(F)F,0.0275,0.00027595972831795477,0.41237113402061853,0.0,1.0,-7.344
*CC(*)(C)C#N,*CC(*)(C)C#N,1.0,0.0,O=S(=O)([N-]S(=O)(=O)C(F)(F)F)C(F)(F)F,0.125,0.0010319295854027753,0.5532646048109966,0.0,1.0,-5.182529456
*CC(*)(C)C#N,*CC(*)(C)C#N,1.0,0.0,O=S(=O)([N-]S(=O)(=O)C(F)(F)F)C(F)(F)F,0.0825,0.0010319295854027753,0.5532646048109966,0.0,1.0,-6.728347089
*CC(*)(C)C#N,*CC(*)(C)C#N,1.0,0.0,O=S(=O)([N-]S(=O)(=O)C(F)(F)F)C(F)(F)F,0.0425,0.0010319295854027753,0.5532646048109966,0.0,1.0,-6.690203809
*CC(*)(C)C#N,*CC(*)(C)C#N,1.0,0.0,O=S(=O)([N-]S(=O)(=O)C(F)(F)F)C(F)(F)F,0.03,0.0010319295854027753,0.5532646048109966,0.0,1.0,-6.242537778
*CC(*)(C)C#N,*CC(*)(C)C#N,1.0,0.0,O=S(=O)([N-]S(=O)(=O)C(F)(F)F)C(F)(F)F,0.02,0.0010319295854027753,0.5532646048109966,0.0,1.0,-6.735953645
*CC(*)(C)C#N,*CC(*)(C)C#N,1.0,0.0,O=S(=O)([N-]S(=O)(=O)C(F)(F)F)C(F)(F)F,0.015,0.0010319295854027753,0.5532646048109966,0.0,1.0,-6.997216472
*CN(C*)CCC#N,*CN(C*)CCC#N,1.0,0.0,O=S(=O)([O-])C(F)(F)F,0.025,0.001154851513384047,0.15463917525773196,0.0,1.0,-4.830599842
*CC(*)O,*CC(*)OC(C)=O,0.978494623655914,0.021505376344086023,O=S(=O)([N-]S(=O)(=O)C(F)(F)F)C(F)(F)F,0.0625,0.7682491430805095,0.47766323024054985,0.0,1.0,-6.403909826
*CC(*)O,*CC(*)OC(C)=O,0.978494623655914,0.021505376344086023,O=S(=O)([O-])C(F)(F)F,0.0625,0.7682491430805095,0.5085910652920962,0.0,1.0,-7.23847389
*CC(*)O,*CC(*)OC(C)=O,0.978494623655914,0.021505376344086023,[O-][Cl+3]([O-])([O-])[O-],0.0625,0.7682491430805095,0.41924398625429554,0.0,1.0,-7.459811029
*CC(*)O,*CC(*)OC(C)=O,0.978494623655914,0.021505376344086023,O=S(=O)([N-]S(=O)(=O)C(F)(F)F)C(F)(F)F,0.0625,0.7682491430805095,0.48109965635738833,0.0,1.0,-7.116898221
*CNC*,*CNC*,1.0,0.0,O=S(=O)([O-])C(F)(F)F,0.0175,0.7538918618922971,0.21993127147766323,0.0,1.0,-5.541342791
*CNC*,*CNC*,1.0,0.0,O=S(=O)([O-])C(F)(F)F,0.025,0.7538918618922971,0.24398625429553264,0.0,1.0,-6.003892002
*CNC*,*CNC*,1.0,0.0,[O-][Cl+3]([O-])([O-])[O-],0.0175,0.7538918618922971,0.2268041237113402,0.0,1.0,-5.633429112
*CNC*,*CNC*,1.0,0.0,[O-][Cl+3]([O-])([O-])[O-],0.025,0.7538918618922971,0.27835051546391754,0.0,1.0,-6.379373023
*CN(C)C*,*CN(C)C*,1.0,0.0,O=S(=O)([O-])C(F)(F)F,0.015,1.0,0.13402061855670103,0.0,1.0,-6.017038874
*CN(C)C*,*CN(C)C*,1.0,0.0,O=S(=O)([O-])C(F)(F)F,0.025,1.0,0.16494845360824742,0.0,1.0,-5.971895376
*CN(C)C*,*CN(C)C*,1.0,0.0,O=S(=O)([O-])C(F)(F)F,0.0425,1.0,0.2920962199312715,0.0,1.0,-7.030151148
*CN(C)C*,*CN(C)C*,1.0,0.0,[O-][Cl+3]([O-])([O-])[O-],0.0175,1.0,0.09621993127147767,0.0,1.0,-6.497145169
*CN(C)C*,*CN(C)C*,1.0,0.0,[O-][Cl+3]([O-])([O-])[O-],0.025,1.0,0.20962199312714777,0.0,1.0,-7.591916938
*CN(C)C*,*CN(C)C*,1.0,0.0,O=S(=O)([O-])C(F)(F)F,0.01,0.0002943980175151455,0.15463917525773196,1.0,0.0,-4.872981847
*CN(C)C*,*CN(C)C*,1.0,0.0,O=S(=O)([O-])C(F)(F)F,0.0125,0.0002943980175151455,0.1718213058419244,1.0,0.0,-4.470348068
*CN(C)C*,*CN(C)C*,1.0,0.0,O=S(=O)([O-])C(F)(F)F,0.015,0.0002943980175151455,0.17525773195876287,1.0,0.0,-4.55151118
*CN(C)C*,*CN(C)C*,1.0,0.0,O=S(=O)([O-])C(F)(F)F,0.0175,0.0002943980175151455,0.1958762886597938,1.0,0.0,-5.082716375
*CN(C)C*,*CN(C)C*,1.0,0.0,O=S(=O)([O-])C(F)(F)F,0.03,0.0002943980175151455,0.2611683848797251,1.0,0.0,-6.028903531
*CN(C)C*,*CN(C)C*,1.0,0.0,O=S(=O)([N-]S(=O)(=O)C(F)(F)F)C(F)(F)F,0.0,4.855416155260229e-05,0.06872852233676977,1.0,0.0,-4.971466005
*CN(C)C*,*CN(C)C*,1.0,0.0,O=S(=O)([N-]S(=O)(=O)C(F)(F)F)C(F)(F)F,0.0,4.855416155260229e-05,0.06872852233676977,1.0,0.0,-4.885211587
*CN(C)C*,*CN(C)C*,1.0,0.0,O=S(=O)([N-]S(=O)(=O)C(F)(F)F)C(F)(F)F,0.0025,4.855416155260229e-05,0.061855670103092786,1.0,0.0,-4.513827281
*CN(C)C*,*CN(C)C*,1.0,0.0,O=S(=O)([N-]S(=O)(=O)C(F)(F)F)C(F)(F)F,0.005,4.855416155260229e-05,0.06872852233676977,1.0,0.0,-4.378016645
*CN(C)C*,*CN(C)C*,1.0,0.0,O=S(=O)([N-]S(=O)(=O)C(F)(F)F)C(F)(F)F,0.0125,4.855416155260229e-05,0.09965635738831616,1.0,0.0,-4.3904622
*CN(C)C*,*CN(C)C*,1.0,0.0,O=S(=O)([N-]S(=O)(=O)C(F)(F)F)C(F)(F)F,0.025,4.855416155260229e-05,0.12371134020618557,1.0,0.0,-5.060487918
*Cc1c(C)c(C)c(COCP(=S)(CO*)Cc2ccccc2)c(C)c1C,*Cc1c(C)c(C)c(COCP(=S)(CO*)Cc2ccccc2)c(C)c1C,1.0,0.0,O=S(=O)([N-]S(=O)(=O)C(F)(F)F)C(F)(F)F,0.035,4.609572299297686e-05,0.8144329896907216,0.0,1.0,-5.430717876
*Cc1c(C)c(C)c(COCP(=S)(CO*)Cc2ccccc2)c(C)c1C,*Cc1c(C)c(C)c(COCP(=S)(CO*)Cc2ccccc2)c(C)c1C,1.0,0.0,O=S(=O)([N-]S(=O)(=O)C(F)(F)F)C(F)(F)F,0.08,4.609572299297686e-05,0.852233676975945,0.0,1.0,-5.455759599
*Cc1c(C)c(C)c(COCP(=S)(CO*)Cc2ccccc2)c(C)c1C,*Cc1c(C)c(C)c(COCP(=S)(CO*)Cc2ccccc2)c(C)c1C,1.0,0.0,O=S(=O)([N-]S(=O)(=O)C(F)(F)F)C(F)(F)F,0.14,4.609572299297686e-05,0.865979381443299,0.0,1.0,-4.838063439
*Cc1c(C)c(C)c(COCP(=S)(CO*)Cc2ccccc2)c(C)c1C,*Cc1c(C)c(C)c(COCP(=S)(CO*)Cc2ccccc2)c(C)c1C,1.0,0.0,O=S(=O)([N-]S(=O)(=O)C(F)(F)F)C(F)(F)F,0.2075,4.609572299297686e-05,0.9415807560137457,0.0,1.0,-2.475792988
*Cc1c(C)c(C)c(COCP(=S)(CO*)Cc2ccccc2)c(C)c1C,*Cc1c(C)c(C)c(COCP(=S)(CO*)Cc2ccccc2)c(C)c1C,1.0,0.0,O=S(=O)([N-]S(=O)(=O)C(F)(F)F)C(F)(F)F,0.035,0.0,0.7938144329896907,0.0,1.0,-7.033898305
*Cc1c(C)c(C)c(COCP(=S)(CO*)Cc2ccccc2)c(C)c1C,*Cc1c(C)c(C)c(COCP(=S)(CO*)Cc2ccccc2)c(C)c1C,1.0,0.0,O=S(=O)([N-]S(=O)(=O)C(F)(F)F)C(F)(F)F,0.08,0.0,0.8109965635738832,0.0,1.0,-5.55932
*Cc1c(C)c(C)c(COCP(=S)(CO*)Cc2ccccc2)c(C)c1C,*Cc1c(C)c(C)c(COCP(=S)(CO*)Cc2ccccc2)c(C)c1C,1.0,0.0,O=S(=O)([N-]S(=O)(=O)C(F)(F)F)C(F)(F)F,0.14,0.0,0.9896907216494846,0.0,1.0,-4.9661
*Cc1c(C)c(C)c(COCP(=S)(CO*)Cc2ccccc2)c(C)c1C,*Cc1c(C)c(C)c(COCP(=S)(CO*)Cc2ccccc2)c(C)c1C,1.0,0.0,O=S(=O)([N-]S(=O)(=O)C(F)(F)F)C(F)(F)F,0.2075,0.0,1.0,0.0,1.0,-4.20339
*CC(*)c1ccc(NC(=O)Cc2c(OC)cccc2OC)cc1,*CC(*)c1ccc(NC(=O)Cc2c(OC)cccc2OC)cc1,1.0,0.0,O=S(=O)([N-]S(=O)(=O)C(F)(F)F)C(F)(F)F,0.1675,0.002384070793196763,0.8419243986254296,1.0,0.0,-4.26760624
*COC(*)COCCCSCCCC(=O)NCCn1ccnc1,*CCO*,0.10752688172043011,0.8924731182795699,O=S(=O)([N-]S(=O)(=O)C(F)(F)F)C(F)(F)F,0.0025,0.2532326930534975,0.16838487972508592,1.0,0.0,-5.15563935
*COC(*)COCCCSCCCC(=O)NCCn1ccnc1,*CCO*,0.10752688172043011,0.8924731182795699,O=S(=O)([N-]S(=O)(=O)C(F)(F)F)C(F)(F)F,0.0025,0.2532326930534975,0.16494845360824742,1.0,0.0,-5.206566454
*COC(*)COCCCSCCCC(=O)NCCn1ccnc1,*COC(*)COCCCSCCCC(=O)NCCn1ccnc1,1.0,0.0,O=S(=O)([N-]S(=O)(=O)C(F)(F)F)C(F)(F)F,0.0025,0.1573898511968601,0.24054982817869416,1.0,0.0,-5.900290018
*COC(*)COCCCSCCCC(=O)NCCn1ccnc1,*COC(*)COCCCSCCCC(=O)NCCn1ccnc1,1.0,0.0,O=S(=O)([N-]S(=O)(=O)C(F)(F)F)C(F)(F)F,0.005,0.1573898511968601,0.2646048109965636,1.0,0.0,-6.033489785
*COC(*)COCCCSCCCC(=O)NCCn1ccnc1,*COC(*)COCCCSCCCC(=O)NCCn1ccnc1,1.0,0.0,O=S(=O)([N-]S(=O)(=O)C(F)(F)F)C(F)(F)F,0.0075,0.1573898511968601,0.27491408934707906,1.0,0.0,-6.091671913
*CC(*)CCSCCCC(=O)NCCn1ccnc1,*CC(*)CCSCCCC(=O)NCCn1ccnc1,1.0,0.0,O=S(=O)([N-]S(=O)(=O)C(F)(F)F)C(F)(F)F,0.0025,0.3459262751152547,0.3161512027491409,1.0,0.0,-7.385200563
*CC(*)CCSCCCC(=O)NCCn1ccnc1,*CC(*)CCSCCCC(=O)NCCn1ccnc1,1.0,0.0,O=S(=O)([N-]S(=O)(=O)C(F)(F)F)C(F)(F)F,0.01,0.3459262751152547,0.36082474226804123,1.0,0.0,-7.763101501
*CC(*)CCSCCCC(=O)NCCn1ccnc1,*CC(*)CCSCCCC(=O)NCCn1ccnc1,1.0,0.0,O=S(=O)([N-]S(=O)(=O)C(F)(F)F)C(F)(F)F,0.015,0.3459262751152547,0.41237113402061853,1.0,0.0,-9.001342017
*O[Si](*)(C)CCSCCCC(=O)NCCn1ccnc1,*O[Si](*)(C)CCSCCCC(=O)NCCn1ccnc1,1.0,0.0,O=S(=O)([N-]S(=O)(=O)C(F)(F)F)C(F)(F)F,0.0025,0.6818571536567123,0.25773195876288657,1.0,0.0,-6.446174023
*O[Si](*)(C)CCSCCCC(=O)NCCn1ccnc1,*O[Si](*)(C)CCSCCCC(=O)NCCn1ccnc1,1.0,0.0,O=S(=O)([N-]S(=O)(=O)C(F)(F)F)C(F)(F)F,0.01,0.6818571536567123,0.26804123711340205,1.0,0.0,-6.35849502
*O[Si](*)(C)CCSCCCC(=O)NCCn1ccnc1,*O[Si](*)(C)CCSCCCC(=O)NCCn1ccnc1,1.0,0.0,O=S(=O)([N-]S(=O)(=O)C(F)(F)F)C(F)(F)F,0.015,0.6818571536567123,0.27835051546391754,1.0,0.0,-6.332222661
*O[Si](*)(C)CCSCCCC(=O)NCCn1ccnc1,*O[Si](*)(C)CCSCCCC(=O)NCCn1ccnc1,1.0,0.0,O=S(=O)([N-]S(=O)(=O)C(F)(F)F)C(F)(F)F,0.0125,0.6466486258250366,0.2542955326460481,1.0,0.0,-6.18219514
*O[Si](*)(C)CCSCCCC(=O)NCCn1ccnc1,*O[Si](*)(C)CCSCC,0.6881720430107527,0.3118279569892473,O=S(=O)([N-]S(=O)(=O)C(F)(F)F)C(F)(F)F,0.0175,0.5480615519262173,0.2646048109965636,1.0,0.0,-6.076827721
*O[Si](*)(C)CCSCCCC(=O)NCCn1ccnc1,*O[Si](*)(C)CCSCC,0.6881720430107527,0.3118279569892473,O=S(=O)([N-]S(=O)(=O)C(F)(F)F)C(F)(F)F,0.0125,0.5480615519262173,0.24054982817869416,1.0,0.0,-6.018583549
*O[Si](*)(C)CCSCCCC(=O)NCCn1ccnc1,*O[Si](*)(C)CCSCC,0.45161290322580644,0.5483870967741935,O=S(=O)([N-]S(=O)(=O)C(F)(F)F)C(F)(F)F,0.025,0.4728923345271101,0.24054982817869416,1.0,0.0,-5.780312544
*O[Si](*)(C)CCSCCCC(=O)NCCn1ccnc1,*O[Si](*)(C)CCSCC,0.45161290322580644,0.5483870967741935,O=S(=O)([N-]S(=O)(=O)C(F)(F)F)C(F)(F)F,0.0125,0.4728923345271101,0.21305841924398625,1.0,0.0,-5.748539723
*O[Si](*)(C)CCSCCCC(=O)NCCn1ccnc1,*O[Si](*)(C)CCSCC,0.27956989247311825,0.7204301075268817,O=S(=O)([N-]S(=O)(=O)C(F)(F)F)C(F)(F)F,0.0375,0.41713494799480527,0.21305841924398625,1.0,0.0,-5.802771871
*O[Si](*)(C)CCSCCCC(=O)NCCn1ccnc1,*O[Si](*)(C)CCSCC,0.27956989247311825,0.7204301075268817,O=S(=O)([N-]S(=O)(=O)C(F)(F)F)C(F)(F)F,0.0125,0.41713494799480527,0.18213058419243985,1.0,0.0,-5.683259062
*O[Si](*)(C)CCSCCCC(=O)NCCn1ccnc1,*O[Si](*)(C)CCSCC,0.23655913978494625,0.7634408602150538,O=S(=O)([N-]S(=O)(=O)C(F)(F)F)C(F)(F)F,0.0425,0.40474441765429314,0.20962199312714777,1.0,0.0,-5.860155071
*O[Si](*)(C)CCSCCCC(=O)NCCn1ccnc1,*O[Si](*)(C)CCSCC,0.13978494623655913,0.8602150537634409,O=S(=O)([N-]S(=O)(=O)C(F)(F)F)C(F)(F)F,0.0625,0.37376809180301274,0.1718213058419244,1.0,0.0,-5.8161068
*O[Si](*)(C)CCSCCCC(=O)NCCn1ccnc1,*O[Si](*)(C)CCSCC,0.0,1.0,O=S(=O)([N-]S(=O)(=O)C(F)(F)F)C(F)(F)F,0.0125,0.32957520025518594,0.003436426116838488,1.0,0.0,-6.153247929
*O[Si](*)(C)CCSCCCC(=O)NCCn1ccnc1,*O[Si](*)(C)CCSCC,0.0,1.0,O=S(=O)([N-]S(=O)(=O)C(F)(F)F)C(F)(F)F,0.09,0.32957520025518594,0.0,1.0,0.0,-6.369167275
*O[Si](*)(C)CCSCCCC(=O)NCCn1ccnc1,*O[Si](*)(C)CCSCC,0.0,1.0,O=S(=O)([N-]S(=O)(=O)C(F)(F)F)C(F)(F)F,0.1775,0.32957520025518594,0.054982817869415807,1.0,0.0,-6.272678861
*O[Si](*)(C)CCSCCCC(=O)NCCn1ccnc1,*O[Si](*)(C)CCSCCCCCCCc1ccccc1,0.6989247311827957,0.3010752688172043,O=S(=O)([N-]S(=O)(=O)C(F)(F)F)C(F)(F)F,0.0175,0.4164465851981102,0.23367697594501718,1.0,0.0,-5.971409957
*O[Si](*)(C)CCSCCCC(=O)NCCn1ccnc1,*O[Si](*)(C)CCSCCCCCCCc1ccccc1,0.3548387096774194,0.6451612903225806,O=S(=O)([N-]S(=O)(=O)C(F)(F)F)C(F)(F)F,0.03,0.40833373795134625,0.15463917525773196,1.0,0.0,-6.094302457
*O[Si](*)(C)CCSCCCC(=O)NCCn1ccnc1,*O[Si](*)(C)CCSCCCCCCCc1ccccc1,0.07526881720430108,0.9247311827956989,O=S(=O)([N-]S(=O)(=O)C(F)(F)F)C(F)(F)F,0.09,0.40157303191237637,0.06529209621993128,1.0,0.0,-6.697991434
*O[Si](*)(C)CCSCCCCCCCn1ccnc1,*O[Si](*)(C)CCSCCCCCCCn1ccnc1,1.0,0.0,O=S(=O)([N-]S(=O)(=O)C(F)(F)F)C(F)(F)F,0.0075,0.40157303191237637,0.2027491408934708,1.0,0.0,-5.185554223
*O[Si](*)(C)CCSCCCCCCCn1ccnc1,*O[Si](*)(C)CCSCCCCCCCn1ccnc1,1.0,0.0,O=S(=O)([N-]S(=O)(=O)C(F)(F)F)C(F)(F)F,0.075,0.40157303191237637,0.3024054982817869,1.0,0.0,-5.791297391
*CCO*,*CCO*,1.0,0.0,F[P-](F)(F)(F)(F)F,0.0025,0.02457147879381629,0.09278350515463918,0.0,1.0,-6.4715
*CCO*,*CCO*,1.0,0.0,F[P-](F)(F)(F)(F)F,0.005,0.02457147879381629,0.10652920962199312,0.0,1.0,-6.4976
*CCO*,*CCO*,1.0,0.0,F[P-](F)(F)(F)(F)F,0.0075,0.02457147879381629,0.10309278350515463,0.0,1.0,-6.5604
*CCO*,*CCO*,1.0,0.0,F[P-](F)(F)(F)(F)F,0.0075,0.02457147879381629,0.10996563573883161,0.0,1.0,-4.2961
*CCO*,*CCO*,1.0,0.0,F[P-](F)(F)(F)(F)F,0.0125,0.02457147879381629,0.12371134020618557,0.0,1.0,-6.1124
*CCO*,*CCO*,1.0,0.0,F[P-](F)(F)(F)(F)F,0.015,0.02457147879381629,0.12714776632302405,0.0,1.0,-6.6565
*CCO*,*CCO*,1.0,0.0,F[P-](F)(F)(F)(F)F,0.02,0.02457147879381629,0.13058419243986255,0.0,1.0,-6.3816
*CCO*,*CCO*,1.0,0.0,O=S(=O)(F)[N-]S(=O)(=O)F,0.0125,0.003060141397093757,0.12371134020618557,0.0,1.0,-3.97027712
*CCO*,*CCO*,1.0,0.0,O=S(=O)([N-]S(=O)(=O)C(F)(F)F)C(F)(F)F,0.0125,0.003060141397093757,0.15463917525773196,0.0,1.0,-3.558843312
*CCO*,*CCO*,1.0,0.0,O=S(=O)([N-]S(=O)(=O)C(F)(F)F)C(F)(F)F,0.0,1.1677583158220803e-05,0.05154639175257732,0.0,1.0,-4.49757288
*CCO*,*CCO*,1.0,0.0,O=S(=O)([N-]S(=O)(=O)C(F)(F)F)C(F)(F)F,0.0025,1.1677583158220803e-05,0.054982817869415807,0.0,1.0,-3.935542011
*CCO*,*CCO*,1.0,0.0,O=S(=O)([N-]S(=O)(=O)C(F)(F)F)C(F)(F)F,0.0025,1.1677583158220803e-05,0.058419243986254296,0.0,1.0,-3.772113295
*CCO*,*CCO*,1.0,0.0,O=S(=O)([N-]S(=O)(=O)C(F)(F)F)C(F)(F)F,0.0025,1.1677583158220803e-05,0.061855670103092786,0.0,1.0,-3.694648631
*CCO*,*CCO*,1.0,0.0,O=S(=O)([N-]S(=O)(=O)C(F)(F)F)C(F)(F)F,0.005,1.1677583158220803e-05,0.06529209621993128,0.0,1.0,-3.552841969
*CCO*,*CCO*,1.0,0.0,O=S(=O)([N-]S(=O)(=O)C(F)(F)F)C(F)(F)F,0.005,1.1677583158220803e-05,0.06872852233676977,0.0,1.0,-3.403402904
*CCO*,*CCO*,1.0,0.0,O=S(=O)([N-]S(=O)(=O)C(F)(F)F)C(F)(F)F,0.0075,1.1677583158220803e-05,0.07903780068728522,0.0,1.0,-3.26760624
*CCO*,*CCO*,1.0,0.0,O=S(=O)([N-]S(=O)(=O)C(F)(F)F)C(F)(F)F,0.01,1.1677583158220803e-05,0.0859106529209622,0.0,1.0,-3.229147988
*CCO*,*CCO*,1.0,0.0,O=S(=O)([N-]S(=O)(=O)C(F)(F)F)C(F)(F)F,0.015,1.1677583158220803e-05,0.10652920962199312,0.0,1.0,-3.214670165
*CCO*,*CCO*,1.0,0.0,O=S(=O)([N-]S(=O)(=O)C(F)(F)F)C(F)(F)F,0.0225,1.1677583158220803e-05,0.13058419243986255,0.0,1.0,-3.283996656
*CCO*,*CCO*,1.0,0.0,O=S(=O)([N-]S(=O)(=O)C(F)(F)F)C(F)(F)F,0.03,1.1677583158220803e-05,0.15463917525773196,0.0,1.0,-3.386158178
*CCO*,*CCO*,1.0,0.0,O=S(=O)([N-]S(=O)(=O)C(F)(F)F)C(F)(F)F,0.0425,1.1677583158220803e-05,0.17869415807560138,0.0,1.0,-3.48945499
*CCO*,*CCO*,1.0,0.0,O=S(=O)([N-]S(=O)(=O)C(F)(F)F)C(F)(F)F,0.05,1.1677583158220803e-05,0.19243986254295534,0.0,1.0,-4.036212173
*CCO*,*CCO*,1.0,0.0,O=S(=O)([N-]S(=O)(=O)C(F)(F)F)C(F)(F)F,0.0625,1.1677583158220803e-05,0.21305841924398625,0.0,1.0,-4.283996656
*CCO*,*CCO*,1.0,0.0,COCCC[N-]S(=O)(=O)C(F)(F)F,0.005,1.1677583158220803e-05,0.06529209621993128,0.0,1.0,-4.510041521
*CCO*,*CCO*,1.0,0.0,COCCC[N-]S(=O)(=O)C(F)(F)F,0.0075,1.1677583158220803e-05,0.07216494845360824,0.0,1.0,-4.214670165
*CCO*,*CCO*,1.0,0.0,COCCC[N-]S(=O)(=O)C(F)(F)F,0.0125,1.1677583158220803e-05,0.07903780068728522,0.0,1.0,-4.124938737
*CCO*,*CCO*,1.0,0.0,COCCC[N-]S(=O)(=O)C(F)(F)F,0.015,1.1677583158220803e-05,0.0859106529209622,0.0,1.0,-4.065501549
*CCO*,*CCO*,1.0,0.0,COCCC[N-]S(=O)(=O)C(F)(F)F,0.02,1.1677583158220803e-05,0.09621993127147767,0.0,1.0,-4.102372909
*CCO*,*CCO*,1.0,0.0,COCCC[N-]S(=O)(=O)C(F)(F)F,0.025,1.1677583158220803e-05,0.09621993127147767,0.0,1.0,-4.167491087
*CCO*,*CCO*,1.0,0.0,O=S(=O)([O-])C(F)(F)F,0.02,6.822167002960574e-05,0.13402061855670103,0.0,1.0,-4.3947
*CCO*,*CCO*,1.0,0.0,O=S(=O)([O-])C(F)(F)F,0.03,6.822167002960574e-05,0.13402061855670103,0.0,1.0,-4.4551
*CCO*,*CCO*,1.0,0.0,O=S(=O)([O-])C(F)(F)F,0.02,0.00011616122194230167,0.10996563573883161,0.0,1.0,-4.3444
*CCO*,*CCO*,1.0,0.0,[O-][Cl+3]([O-])([O-])[O-],0.0275,0.00012230731834136525,0.1958762886597938,0.0,1.0,-4.768784859
*CCO*,*COC(*)C,0.7473118279569892,0.25268817204301075,[O-][Cl+3]([O-])([O-])[O-],0.0275,4.855416155260229e-05,0.19931271477663232,0.0,1.0,-5.13199965
*CCO*,*COC(*)C,0.43010752688172044,0.5698924731182796,[O-][Cl+3]([O-])([O-])[O-],0.0275,1.7823679557284385e-05,0.2542955326460481,0.0,1.0,-5.721042882
*CCO*,*COC(*)COCCOCCOC,0.946236559139785,0.053763440860215055,O=S(=O)([N-]S(=O)(=O)C(F)(F)F)C(F)(F)F,0.005,0.02457147879381629,0.10309278350515463,1.0,0.0,-4.017859268
*CCO*,*COC(*)COCCOCCOC,0.946236559139785,0.053763440860215055,O=S(=O)([N-]S(=O)(=O)C(F)(F)F)C(F)(F)F,0.01,0.02457147879381629,0.11683848797250859,1.0,0.0,-3.835551263
*CCO*,*COC(*)COCCOCCOC,0.946236559139785,0.053763440860215055,O=S(=O)([N-]S(=O)(=O)C(F)(F)F)C(F)(F)F,0.015,0.02457147879381629,0.12714776632302405,1.0,0.0,-3.611496413
*CCO*,*COC(*)COCCOCCOC,0.946236559139785,0.053763440860215055,O=S(=O)([N-]S(=O)(=O)C(F)(F)F)C(F)(F)F,0.02,0.02457147879381629,0.13058419243986255,1.0,0.0,-3.617969947
*CCO*,*COC(*)COCCOCCOC,0.9032258064516129,0.0967741935483871,O=S(=O)([N-]S(=O)(=O)C(F)(F)F)C(F)(F)F,0.005,0.0016944787772218291,0.08934707903780069,1.0,0.0,-3.460792874
*CCO*,*COC(*)COCCOCCOC,0.9032258064516129,0.0967741935483871,O=S(=O)([N-]S(=O)(=O)C(F)(F)F)C(F)(F)F,0.01,0.0016944787772218291,0.09965635738831616,1.0,0.0,-3.408930907
*CCO*,*COC(*)COCCOCCOC,0.9032258064516129,0.0967741935483871,O=S(=O)([N-]S(=O)(=O)C(F)(F)F)C(F)(F)F,0.015,0.0016944787772218291,0.12371134020618557,1.0,0.0,-3.27768157
*CCO*,*COC(*)COCCOCCOC,0.9032258064516129,0.0967741935483871,O=S(=O)([N-]S(=O)(=O)C(F)(F)F)C(F)(F)F,0.02,0.0016944787772218291,0.14432989690721648,1.0,0.0,-3.21161654
*CCO*,*COC(*)COCCOCCOC,0.9032258064516129,0.0967741935483871,[O-][Cl+3]([O-])([O-])[O-],0.005,0.0016944787772218291,0.10309278350515463,1.0,0.0,-3.610818838
*CCO*,*COC(*)COCCOCCOC,0.9032258064516129,0.0967741935483871,[O-][Cl+3]([O-])([O-])[O-],0.01,0.0016944787772218291,0.12027491408934708,1.0,0.0,-3.346435504
*CCO*,*COC(*)COCCOCCOC,0.9032258064516129,0.0967741935483871,[O-][Cl+3]([O-])([O-])[O-],0.015,0.0016944787772218291,0.15120274914089346,1.0,0.0,-3.498306692
*CCO*,*COC(*)COCCOCCOC,0.9032258064516129,0.0967741935483871,[O-][Cl+3]([O-])([O-])[O-],0.02,0.0016944787772218291,0.19931271477663232,1.0,0.0,-3.821350999
*COC(*)COCC=C,*COC(*)COCC=C,1.0,0.0,O=S(=O)([N-]S(=O)(=O)C(F)(F)F)C(F)(F)F,0.0025,6.207557363054216e-05,0.020618556701030927,0.0,1.0,-4.849959018
*COC(*)COCC=C,*COC(*)COCC=C,1.0,0.0,O=S(=O)([N-]S(=O)(=O)C(F)(F)F)C(F)(F)F,0.005,6.207557363054216e-05,0.027491408934707903,0.0,1.0,-4.455315869
*COC(*)COCC=C,*COC(*)COCC=C,1.0,0.0,O=S(=O)([N-]S(=O)(=O)C(F)(F)F)C(F)(F)F,0.0075,6.207557363054216e-05,0.030927835051546393,0.0,1.0,-4.197144058
*COC(*)COCC=C,*COC(*)COCC=C,1.0,0.0,O=S(=O)([N-]S(=O)(=O)C(F)(F)F)C(F)(F)F,0.01,6.207557363054216e-05,0.048109965635738834,0.0,1.0,-3.899042599
*COC(*)COCC=C,*COC(*)COCC=C,1.0,0.0,O=S(=O)([N-]S(=O)(=O)C(F)(F)F)C(F)(F)F,0.015,6.207557363054216e-05,0.07903780068728522,0.0,1.0,-3.718439756
*COC(*)COCC=C,*COC(*)COCC=C,1.0,0.0,O=S(=O)([N-]S(=O)(=O)C(F)(F)F)C(F)(F)F,0.025,6.207557363054216e-05,0.10996563573883161,0.0,1.0,-3.714276869
*COC(*)COCC=C,*COC(*)COCC=C,1.0,0.0,O=S(=O)([N-]S(=O)(=O)C(F)(F)F)C(F)(F)F,0.0125,6.207557363054216e-05,0.010309278350515464,0.0,1.0,-3.91699886
*CCO*,*COC(*)COCC=C,0.889247311827957,0.11075268817204302,O=S(=O)([N-]S(=O)(=O)C(F)(F)F)C(F)(F)F,0.01,0.0001684030413343421,0.041237113402061855,0.0,1.0,-3.471924785
*CCO*,*COC(*)COCC=C,0.7870967741935484,0.21290322580645163,O=S(=O)([N-]S(=O)(=O)C(F)(F)F)C(F)(F)F,0.01,8.420152066717107e-05,0.03436426116838488,0.0,1.0,-3.609537571
*CCO*,*COC(*)COCC=C,0.7494623655913979,0.25053763440860216,O=S(=O)([N-]S(=O)(=O)C(F)(F)F)C(F)(F)F,0.01,3.564735911456878e-05,0.041237113402061855,0.0,1.0,-3.652058988
*CCO*,*COC(*)COCC=C,0.5150537634408602,0.4849462365591398,O=S(=O)([N-]S(=O)(=O)C(F)(F)F)C(F)(F)F,0.01,9.342066526576644e-05,0.027491408934707903,0.0,1.0,-3.803559545
*CC(*)(C)C(=O)OCCOCCOCCOCCOCCOCCOCCOCCOCCOC,*CC(*)(C)C(=O)OCCOCCOCCOCCOCCOCCOCCOCCOCCOC,1.0,0.0,O=S(=O)([O-])C(F)(F)F,0.05,0.0018309221172810406,0.19243986254295534,1.0,0.0,-4.890328737
*COCCOCCOCCOCCOCCOCCOCCOCCOCOC*,*COCCOCCOCCOCCOCCOCCOCCOCCOCOC*,1.0,0.0,O=S(=O)([N-]S(=O)(=O)C(F)(F)F)C(F)(F)F,0.0125,0.0002943980175151455,0.10652920962199312,0.0,1.0,-3.681736599
*CN(CCOC)C(*)=O,*CN(CCOC)C(*)=O,1.0,0.0,O=S(=O)([N-]S(=O)(=O)C(F)(F)F)C(F)(F)F,0.0225,1.8438289197190732e-06,0.4570446735395189,1.0,0.0,-6.574593418
*CN(CCOCCOC)C(*)=O,*CN(CCOCCOC)C(*)=O,1.0,0.0,O=S(=O)([N-]S(=O)(=O)C(F)(F)F)C(F)(F)F,0.0225,6.7607060389699396e-06,0.30927835051546393,1.0,0.0,-4.822384778
*CN(CCOCCOCCOC)C(*)=O,*CN(CCOCCOCCOC)C(*)=O,1.0,0.0,O=S(=O)([N-]S(=O)(=O)C(F)(F)F)C(F)(F)F,0.0225,1.229219279812716e-05,0.27147766323024053,1.0,0.0,-4.53153355
*CC(*)OCCOCCOC,*C1OC(=O)OC1*,0.46236559139784944,0.5376344086021505,O=S(=O)([N-]S(=O)(=O)C(F)(F)F)C(F)(F)F,0.03,0.00021449876432731897,0.41580756013745707,1.0,0.0,-6.93162364
*CC(*)OCCOCCOC,*C1OC(=O)OC1*,0.46236559139784944,0.5376344086021505,O=S(=O)([N-]S(=O)(=O)C(F)(F)F)C(F)(F)F,0.02,0.00021449876432731897,0.3951890034364261,1.0,0.0,-6.424478697
*CC(*)OCCOCCOC,*C1OC(=O)OC1*,0.46236559139784944,0.5376344086021505,O=S(=O)([N-]S(=O)(=O)C(F)(F)F)C(F)(F)F,0.015,0.00021449876432731897,0.3848797250859107,1.0,0.0,-7.084322107
*CC(*)OCCOCCOC,*C1OC(=O)OC1*,0.46236559139784944,0.5376344086021505,O=S(=O)([N-]S(=O)(=O)C(F)(F)F)C(F)(F)F,0.0125,0.00021449876432731897,0.37800687285223367,1.0,0.0,-6.655352166
*CC(*)OCCOCCOC,*C1OC(=O)OC1*,0.46236559139784944,0.5376344086021505,O=S(=O)([N-]S(=O)(=O)C(F)(F)F)C(F)(F)F,0.03,0.0001038690291441745,0.35051546391752575,1.0,0.0,-6.010850752
*CC(*)OCCOCCOC,*C1OC(=O)OC1*,0.46236559139784944,0.5376344086021505,O=S(=O)([N-]S(=O)(=O)C(F)(F)F)C(F)(F)F,0.02,0.0001038690291441745,0.30584192439862545,1.0,0.0,-5.756176322
*CC(*)OCCOCCOC,*C1OC(=O)OC1*,0.46236559139784944,0.5376344086021505,O=S(=O)([N-]S(=O)(=O)C(F)(F)F)C(F)(F)F,0.015,0.0001038690291441745,0.30584192439862545,1.0,0.0,-6.279968984
*CC(*)OCCOCCOC,*C1OC(=O)OC1*,0.46236559139784944,0.5376344086021505,O=S(=O)([N-]S(=O)(=O)C(F)(F)F)C(F)(F)F,0.0125,0.0001038690291441745,0.27835051546391754,1.0,0.0,-6.111465606
*CC(*)OCCOCCOC,*C1OC(=O)OC1*,0.46236559139784944,0.5376344086021505,O=S(=O)([N-]S(=O)(=O)C(F)(F)F)C(F)(F)F,0.03,9.772293274511094e-05,0.21993127147766323,1.0,0.0,-4.901888108
*CC(*)OCCOCCOC,*C1OC(=O)OC1*,0.46236559139784944,0.5376344086021505,O=S(=O)([N-]S(=O)(=O)C(F)(F)F)C(F)(F)F,0.02,9.772293274511094e-05,0.20962199312714777,1.0,0.0,-5.029106919
*CC(*)OCCOCCOC,*C1OC(=O)OC1*,0.46236559139784944,0.5376344086021505,O=S(=O)([N-]S(=O)(=O)C(F)(F)F)C(F)(F)F,0.015,9.772293274511094e-05,0.2027491408934708,1.0,0.0,-5.029119303
*CC(*)OCCOCCOC,*C1OC(=O)OC1*,0.46236559139784944,0.5376344086021505,O=S(=O)([N-]S(=O)(=O)C(F)(F)F)C(F)(F)F,0.0125,9.772293274511094e-05,0.19243986254295534,1.0,0.0,-4.966118865
*CC(*)OCCOCCOC,*C1OC(=O)OC1*,0.46236559139784944,0.5376344086021505,O=S(=O)([N-]S(=O)(=O)C(F)(F)F)C(F)(F)F,0.03,3.564735911456878e-05,0.18900343642611683,1.0,0.0,-4.428192809
*CC(*)OCCOCCOC,*C1OC(=O)OC1*,0.46236559139784944,0.5376344086021505,O=S(=O)([N-]S(=O)(=O)C(F)(F)F)C(F)(F)F,0.02,3.564735911456878e-05,0.18556701030927836,1.0,0.0,-4.477191173
*CC(*)OCCOCCOC,*C1OC(=O)OC1*,0.46236559139784944,0.5376344086021505,O=S(=O)([N-]S(=O)(=O)C(F)(F)F)C(F)(F)F,0.015,3.564735911456878e-05,0.1718213058419244,1.0,0.0,-4.304358931
*CC(*)OCCOCCOC,*C1OC(=O)OC1*,0.46236559139784944,0.5376344086021505,O=S(=O)([N-]S(=O)(=O)C(F)(F)F)C(F)(F)F,0.0125,3.564735911456878e-05,0.15120274914089346,1.0,0.0,-4.375192379
*CC(*)OCCOCCOC,*C1OC(=O)OC1*,0.46236559139784944,0.5376344086021505,O=S(=O)([N-]S(=O)(=O)C(F)(F)F)C(F)(F)F,0.03,3.6876578394381486e-05,0.21649484536082475,1.0,0.0,-4.195436525
*CC(*)OCCOCCOC,*C1OC(=O)OC1*,0.46236559139784944,0.5376344086021505,O=S(=O)([N-]S(=O)(=O)C(F)(F)F)C(F)(F)F,0.02,3.6876578394381486e-05,0.1718213058419244,1.0,0.0,-3.772680721
*CC(*)OCCOCCOC,*C1OC(=O)OC1*,0.46236559139784944,0.5376344086021505,O=S(=O)([N-]S(=O)(=O)C(F)(F)F)C(F)(F)F,0.015,3.6876578394381486e-05,0.15807560137457044,1.0,0.0,-3.629527631
*CC(*)OCCOCCOC,*C1OC(=O)OC1*,0.46236559139784944,0.5376344086021505,O=S(=O)([N-]S(=O)(=O)C(F)(F)F)C(F)(F)F,0.0125,3.6876578394381486e-05,0.14432989690721648,1.0,0.0,-3.807212738
*CC(*)OCCOCCOC,*C1OC(=O)OC1*,0.46236559139784944,0.5376344086021505,O=S(=O)([N-]S(=O)(=O)C(F)(F)F)C(F)(F)F,0.03,3.5032749474662405e-05,0.17869415807560138,1.0,0.0,-3.969291168
*CC(*)OCCOCCOC,*C1OC(=O)OC1*,0.46236559139784944,0.5376344086021505,O=S(=O)([N-]S(=O)(=O)C(F)(F)F)C(F)(F)F,0.02,3.5032749474662405e-05,0.15463917525773196,1.0,0.0,-3.732945182
*CC(*)OCCOCCOC,*C1OC(=O)OC1*,0.46236559139784944,0.5376344086021505,O=S(=O)([N-]S(=O)(=O)C(F)(F)F)C(F)(F)F,0.015,3.5032749474662405e-05,0.13058419243986255,1.0,0.0,-3.695438776
*CC(*)OCCOCCOC,*C1OC(=O)OC1*,0.46236559139784944,0.5376344086021505,O=S(=O)([N-]S(=O)(=O)C(F)(F)F)C(F)(F)F,0.0125,3.5032749474662405e-05,0.11683848797250859,1.0,0.0,-3.66205309
*CC(*)OCCOCCOC,*C1OC(=O)OC1*,0.46236559139784944,0.5376344086021505,O=S(=O)([N-]S(=O)(=O)C(F)(F)F)C(F)(F)F,0.03,3.2574310915036986e-05,0.18556701030927836,1.0,0.0,-3.710677434
*CC(*)OCCOCCOC,*C1OC(=O)OC1*,0.46236559139784944,0.5376344086021505,O=S(=O)([N-]S(=O)(=O)C(F)(F)F)C(F)(F)F,0.02,3.2574310915036986e-05,0.140893470790378,1.0,0.0,-3.49429521
*CC(*)OCCOCCOC,*C1OC(=O)OC1*,0.46236559139784944,0.5376344086021505,O=S(=O)([N-]S(=O)(=O)C(F)(F)F)C(F)(F)F,0.015,3.2574310915036986e-05,0.12714776632302405,1.0,0.0,-3.131450171
*CC(*)OCCOCCOC,*C1OC(=O)OC1*,0.46236559139784944,0.5376344086021505,O=S(=O)([N-]S(=O)(=O)C(F)(F)F)C(F)(F)F,0.0125,3.2574310915036986e-05,0.1134020618556701,1.0,0.0,-3.301688787
*COC(*)COC(C)(C)C,*OC(*)=O,0.46236559139784944,0.5376344086021505,O=S(=O)([N-]S(=O)(=O)C(F)(F)F)C(F)(F)F,0.0125,0.00025752143912076403,0.3402061855670103,1.0,0.0,-7.51533429
*COC(*)COCCCC,*OC(*)=O,0.46236559139784944,0.5376344086021505,O=S(=O)([N-]S(=O)(=O)C(F)(F)F)C(F)(F)F,0.0125,0.001154851513384047,0.20962199312714777,1.0,0.0,-5.836820328
*COC(*)COCCOC,*OC(*)=O,0.46236559139784944,0.5376344086021505,O=S(=O)([N-]S(=O)(=O)C(F)(F)F)C(F)(F)F,0.0075,9.157683634604735e-05,0.08934707903780069,1.0,0.0,-4.528742245
*CCO*,*COC(*)COC,0.7666666666666666,0.23333333333333334,O=S(=O)([O-])C(F)(F)F,0.015,0.006133189596625547,0.044673539518900345,1.0,0.0,-4.771455143
*CCO*,*COC(*)COCCOCC,0.8165591397849462,0.18344086021505374,O=S(=O)([O-])C(F)(F)F,0.015,0.006133189596625547,0.09621993127147767,1.0,0.0,-4.613009445
*CCO*,*COC(*)COCCOCCOC,0.6897849462365592,0.3102150537634409,O=S(=O)([O-])C(F)(F)F,0.015,0.006133189596625547,0.013745704467353952,1.0,0.0,-4.013896227
